<?xml version="1.0" encoding="UTF-8"?>
<project-private xmlns="http://www.netbeans.org/ns/project-private/1">
    <editor-bookmarks xmlns="http://www.netbeans.org/ns/editor-bookmarks/2" lastBookmarkId="0"/>
    <open-files xmlns="http://www.netbeans.org/ns/projectui-open-files/2">
        <group>
            <file>file:/C:/Users/ADRI-KI/Documents/MARKO%20-%20UTP%20Y%20PROGRAMACION/UTP%20-%20ALGORITMO/avance%20final/codigo%20proyecto/Sistema%20de%20participaciones%20final/src/HuellaEstudiantil/vista/Vista.java</file>
            <file>file:/C:/Users/ADRI-KI/Documents/MARKO%20-%20UTP%20Y%20PROGRAMACION/UTP%20-%20ALGORITMO/avance%20final/codigo%20proyecto/Sistema%20de%20participaciones%20final/src/HuellaEstudiantil/datos/BaseDeDatos.java</file>
            <file>file:/C:/Users/ADRI-KI/Documents/MARKO%20-%20UTP%20Y%20PROGRAMACION/UTP%20-%20ALGORITMO/avance%20final/codigo%20proyecto/Sistema%20de%20participaciones%20final/src/HuellaEstudiantil/controlador/Controlador.java</file>
        </group>
    </open-files>
</project-private>
